{
    "simple": [
        1.44848,
        1.45462,
        1.45223,
        1.45354,
        1.44997,
        1.44877,
        1.44919,
        1.5154,
        1.46034,
        1.66173
    ],
    "openmp": {
        "1": [
            1.45814,
            1.40977,
            1.4084,
            1.40882,
            1.40886,
            1.40862,
            1.40849,
            1.40963,
            1.41444,
            1.40797
        ],
        "2": [
            0.705109,
            0.711423,
            0.70519,
            0.705692,
            0.705912,
            0.706044,
            0.705267,
            0.705195,
            0.708792,
            0.705442
        ],
        "3": [
            0.476222,
            0.472981,
            0.471728,
            0.473095,
            0.475956,
            0.473473,
            0.471635,
            0.471085,
            0.472589,
            0.474092
        ],
        "4": [
            0.35957,
            0.35636,
            0.353922,
            0.355426,
            0.353471,
            0.354493,
            0.355334,
            0.355685,
            0.355013,
            0.356672
        ],
        "5": [
            0.285098,
            0.2838,
            0.285115,
            0.285754,
            0.292856,
            0.29004,
            0.293485,
            0.288986,
            0.285366,
            0.285156
        ],
        "6": [
            0.236523,
            0.236766,
            0.239122,
            0.237819,
            0.242792,
            0.28075,
            0.236474,
            0.244511,
            0.238471,
            0.280969
        ],
        "7": [
            0.233469,
            0.245895,
            0.216994,
            0.212899,
            0.210596,
            0.213808,
            0.21237,
            0.209096,
            0.215002,
            0.213496
        ],
        "8": [
            0.184734,
            0.187021,
            0.181566,
            0.180521,
            0.18021,
            0.180485,
            0.181202,
            0.180436,
            0.179157,
            0.181637
        ],
        "9": [
            0.162086,
            0.162822,
            0.162344,
            0.163067,
            0.163499,
            0.164759,
            0.163728,
            0.161162,
            0.162301,
            0.162998
        ],
        "10": [
            0.148006,
            0.14662,
            0.146402,
            0.147427,
            0.161012,
            0.158616,
            0.154489,
            0.149504,
            0.1476,
            0.147282
        ],
        "11": [
            0.135261,
            0.136671,
            0.135678,
            0.135488,
            0.137219,
            0.134958,
            0.137643,
            0.135371,
            0.135922,
            0.135267
        ],
        "12": [
            0.125021,
            0.124567,
            0.130199,
            0.12646,
            0.128419,
            0.125352,
            0.127168,
            0.123616,
            0.135808,
            0.136786
        ],
        "13": [
            0.118699,
            0.122977,
            0.128296,
            0.129367,
            0.126414,
            0.126531,
            0.125681,
            0.125117,
            0.126058,
            0.124993
        ],
        "14": [
            0.120255,
            0.119843,
            0.118734,
            0.120446,
            0.120093,
            0.120329,
            0.120038,
            0.120144,
            0.119987,
            0.119813
        ],
        "15": [
            0.114193,
            0.113989,
            0.114552,
            0.112977,
            0.115328,
            0.113917,
            0.115045,
            0.11228,
            0.112531,
            0.112853
        ],
        "16": [
            0.109401,
            0.109332,
            0.105981,
            0.108542,
            0.10908,
            0.109011,
            0.109139,
            0.106925,
            0.108856,
            0.109031
        ],
        "17": [
            0.157529,
            0.159465,
            0.167712,
            0.158283,
            0.158449,
            0.175875,
            0.169239,
            0.157498,
            0.158037,
            0.168913
        ],
        "18": [
            0.150025,
            0.152274,
            0.150332,
            0.148711,
            0.150378,
            0.150818,
            0.147664,
            0.153339,
            0.148835,
            0.1464
        ],
        "19": [
            0.148573,
            0.145843,
            0.143725,
            0.144681,
            0.146791,
            0.141298,
            0.146303,
            0.152133,
            0.14698,
            0.146757
        ],
        "20": [
            0.138861,
            0.13724,
            0.14296,
            0.142625,
            0.138436,
            0.142289,
            0.137561,
            0.138655,
            0.1441,
            0.143531
        ],
        "21": [
            0.132789,
            0.132557,
            0.132693,
            0.1374,
            0.13231,
            0.128491,
            0.132802,
            0.130708,
            0.134018,
            0.134208
        ],
        "22": [
            0.126003,
            0.12888,
            0.123429,
            0.123023,
            0.120501,
            0.122961,
            0.126771,
            0.125757,
            0.120845,
            0.121102
        ],
        "23": [
            0.122127,
            0.119787,
            0.120935,
            0.120381,
            0.125816,
            0.120908,
            0.121841,
            0.122225,
            0.122171,
            0.118372
        ],
        "24": [
            0.117156,
            0.113082,
            0.119993,
            0.120887,
            0.117064,
            0.125282,
            0.119282,
            0.118546,
            0.11605,
            0.116081
        ],
        "25": [
            0.118499,
            0.117496,
            0.117603,
            0.114434,
            0.115708,
            0.117739,
            0.119325,
            0.114906,
            0.11398,
            0.115313
        ],
        "26": [
            0.112412,
            0.105502,
            0.108863,
            0.108089,
            0.105041,
            0.105995,
            0.11318,
            0.107773,
            0.103859,
            0.107952
        ],
        "27": [
            0.106763,
            0.104072,
            0.105687,
            0.108082,
            0.105546,
            0.10807,
            0.107917,
            0.107332,
            0.10627,
            0.102252
        ],
        "28": [
            0.105662,
            0.101443,
            0.1027,
            0.104306,
            0.103243,
            0.104387,
            0.104997,
            0.104462,
            0.105994,
            0.107667
        ],
        "29": [
            0.0998514,
            0.0982594,
            0.103116,
            0.100661,
            0.0952875,
            0.0968733,
            0.0936724,
            0.0967094,
            0.0965995,
            0.0932374
        ],
        "30": [
            0.095091,
            0.0925721,
            0.0935378,
            0.0912559,
            0.09266,
            0.0931066,
            0.0915349,
            0.0927006,
            0.0937338,
            0.0934273
        ],
        "31": [
            0.0893682,
            0.0882216,
            0.0918557,
            0.0957677,
            0.0885684,
            0.0917492,
            0.0919095,
            0.0920378,
            0.0908911,
            0.0909479
        ],