{
    "simple": [
        1.44745,
        1.44572,
        1.44591,
        1.44955,
        1.44635,
        1.44658,
        1.44577,
        1.44873,
        1.44729,
        1.45501
    ],
    "openmp": {
        "1": [
            1.46564,
            1.4761,
            1.46478,
            1.4653,
            1.47157,
            1.46632,
            1.47111,
            1.46689,
            1.46907,
            1.46462
        ],
        "2": [
            0.734064,
            0.738102,
            0.737157,
            0.742904,
            0.807982,
            0.734961,
            0.851948,
            0.868918,
            0.790476,
            0.738307
        ],
        "3": [
            0.489039,
            0.490898,
            0.489783,
            0.49527,
            0.490897,
            0.49077,
            0.490668,
            0.490509,
            0.490238,
            0.490348
        ],
        "4": [
            0.367516,
            0.377226,
            0.380371,
            0.376464,
            0.36897,
            0.368186,
            0.367323,
            0.441859,
            0.428396,
            0.373944
        ],
        "5": [
            0.295588,
            0.295158,
            0.294697,
            0.297294,
            0.294689,
            0.296293,
            0.294584,
            0.295419,
            0.295692,
            0.29804
        ],
        "6": [
            0.249249,
            0.256072,
            0.247814,
            0.247222,
            0.247528,
            0.24928,
            0.25748,
            0.246285,
            0.248147,
            0.249018
        ],
        "7": [
            0.21161,
            0.212656,
            0.213727,
            0.214882,
            0.214687,
            0.213769,
            0.212169,
            0.214414,
            0.214132,
            0.214852
        ],
        "8": [
            0.189598,
            0.189009,
            0.186699,
            0.188091,
            0.188228,
            0.186931,
            0.188159,
            0.189304,
            0.18842,
            0.189803
        ],
        "9": [
            0.168887,
            0.168233,
            0.168232,
            0.170834,
            0.169558,
            0.168091,
            0.16869,
            0.190402,
            0.170043,
            0.170319
        ],
        "10": [
            0.160465,
            0.152767,
            0.178095,
            0.171151,
            0.178284,
            0.178075,
            0.177019,
            0.170888,
            0.168308,
            0.15674
        ],
        "11": [
            0.141154,
            0.143631,
            0.14243,
            0.139138,
            0.14205,
            0.140043,
            0.141265,
            0.140705,
            0.140771,
            0.145373
        ],
        "12": [
            0.131726,
            0.129534,
            0.130067,
            0.130038,
            0.130291,
            0.1336,
            0.132826,
            0.128535,
            0.140329,
            0.136323
        ],
        "13": [
            0.123082,
            0.121233,
            0.121881,
            0.123116,
            0.125123,
            0.121396,
            0.120773,
            0.121962,
            0.119889,
            0.118784
        ],
        "14": [
            0.114164,
            0.112857,
            0.116133,
            0.114575,
            0.116589,
            0.120428,
            0.117545,
            0.116346,
            0.116653,
            0.116744
        ],
        "15": [
            0.107665,
            0.107579,
            0.108348,
            0.110633,
            0.109421,
            0.108519,
            0.110396,
            0.109137,
            0.110559,
            0.108663
        ],
        "16": [
            0.105479,
            0.104479,
            0.10508,
            0.11286,
            0.112016,
            0.1128,
            0.11106,
            0.10747,
            0.104746,
            0.105819
        ],
        "17": [
            0.158938,
            0.156454,
            0.153336,
            0.15292,
            0.156021,
            0.155984,
            0.155806,
            0.154888,
            0.155371,
            0.156351
        ],
        "18": [
            0.147104,
            0.147804,
            0.144832,
            0.145983,
            0.150261,
            0.151489,
            0.147325,
            0.145588,
            0.147896,
            0.146326
        ],
        "19": [
            0.141872,
            0.141634,
            0.140295,
            0.139992,
            0.14076,
            0.141478,
            0.142401,
            0.143908,
            0.139369,
            0.141735
        ],
        "20": [
            0.142352,
            0.132237,
            0.143413,
            0.13297,
            0.135748,
            0.146198,
            0.139863,
            0.138668,
            0.137119,
            0.135216
        ],
        "21": [
            0.135528,
            0.136872,
            0.13485,
            0.129309,
            0.127924,
            0.126116,
            0.126441,
            0.127524,
            0.13423,
            0.131397
        ],
        "22": [
            0.1288,
            0.124161,
            0.122463,
            0.120704,
            0.126505,
            0.128676,
            0.128104,
            0.128287,
            0.123116,
            0.123667
        ],
        "23": [
            0.123508,
            0.127216,
            0.127966,
            0.118766,
            0.117382,
            0.118468,
            0.11858,
            0.119927,
            0.120539,
            0.121716
        ],
        "24": [
            0.119067,
            0.112858,
            0.116336,
            0.115047,
            0.117046,
            0.118208,
            0.116197,
            0.11734,
            0.113931,
            0.118969
        ],
        "25": [
            0.111895,
            0.108738,
            0.110105,
            0.115288,
            0.113127,
            0.109887,
            0.112257,
            0.117245,
            0.119926,
            0.116251
        ],
        "26": [
            0.113249,
            0.114001,
            0.115627,
            0.114839,
            0.113443,
            0.109555,
            0.108698,
            0.10933,
            0.108633,
            0.106058
        ],
        "27": [
            0.104753,
            0.100991,
            0.103773,
            0.105782,
            0.105449,
            0.10871,
            0.102321,
            0.111565,
            0.110938,
            0.107402
        ],
        "28": [
            0.107205,
            0.103144,
            0.107234,
            0.10689,
            0.102645,
            0.107401,
            0.105276,
            0.104025,
            0.107955,
            0.101569
        ],
        "29": [
            0.0974573,
            0.101013,
            0.101799,
            0.101451,
            0.0982284,
            0.0987866,
            0.102591,
            0.100809,
            0.102696,
            0.0985594
        ],
        "30": [
            0.10037,
            0.0944215,
            0.0976131,
            0.0961157,
            0.0997168,
            0.0987973,
            0.0960351,
            0.0954128,
            0.0981416,
            0.102284
        ],
        "31": [
            0.0897497,
            0.0946617,
            0.0955496,
            0.0995942,
            0.0960829,
            0.100561,
            0.0965893,
            0.0933674,
            0.091621,
            0.0951834
        ],